{
  "IcoMoonType": "selection",
  "icons": [
    {
      "icon": {
        "paths": [
          "M0 1024v-1024h512v1024h-512zM72.704 51.2l183.296 399.36 183.296-399.36h-366.592zM51.2 897.024l176.128-385.024-176.128-385.024v770.048zM460.8 126.976l-176.128 385.024 176.128 385.024v-770.048zM256 573.44l-183.296 399.36h366.592z"
        ],
        "width": 512,
        "isMulticolor": false,
        "isMulticolor2": false,
        "tags": [
          ".notdef"
        ],
        "grid": 0
      },
      "properties": {
        "id": 1,
        "order": 19,
        "ligatures": "",
        "prevSize": 32,
        "code": 59648,
        "name": "notdef"
      },
      "setIdx": 0,
      "setId": 4,
      "iconIdx": 0
    },
    {
      "icon": {
        "paths": [
          "M177.96 158.72l-20.48 501.76-40.96 9.216-20.48-510.976h81.92zM176.936 865.28h-79.872v-100.352h79.872v100.352z"
        ],
        "width": 274,
        "isMulticolor": false,
        "isMulticolor2": false,
        "tags": [
          "exclam"
        ],
        "defaultCode": 33,
        "grid": 0
      },
      "properties": {
        "id": 2,
        "order": 93,
        "ligatures": "",
        "prevSize": 32,
        "code": 33,
        "name": "exclam"
      },
      "setIdx": 0,
      "setId": 4,
      "iconIdx": 1
    },
    {
      "icon": {
        "paths": [
          "M324.464 412.16l-21.504 199.68-37.888-8.192-22.528-191.488h81.92zM152.432 412.16l-21.504 199.68-38.912-8.192-20.48-191.488h80.896z"
        ],
        "width": 396,
        "isMulticolor": false,
        "isMulticolor2": false,
        "tags": [
          "quotedbl"
        ],
        "defaultCode": 34,
        "grid": 0
      },
      "properties": {
        "id": 3,
        "order": 94,
        "ligatures": "",
        "prevSize": 32,
        "code": 34,
        "name": "quotedbl"
      },
      "setIdx": 0,
      "setId": 4,
      "iconIdx": 2
    },
    {
      "icon": {
        "paths": [
          "M534.752 169.984l-28.672 180.224h112.64v57.344h-121.856l-32.768 208.896h123.904l9.216 57.344h-142.336l-28.672 186.368h-54.272l28.672-186.368h-189.44l-30.72 191.488-52.224-11.264 28.672-180.224h-111.616v-57.344h120.832l32.768-208.896h-123.904l-9.216-57.344h142.336l29.696-186.368h54.272l-30.72 186.368h190.464l30.72-191.488zM253.152 407.552l-32.768 208.896h189.44l33.792-208.896h-190.464z"
        ],
        "width": 664,
        "isMulticolor": false,
        "isMulticolor2": false,
        "tags": [
          "numbersign"
        ],
        "defaultCode": 35,
        "grid": 0
      },
      "properties": {
        "id": 4,
        "order": 95,
        "ligatures": "",
        "prevSize": 32,
        "code": 35,
        "name": "numbersign"
      },
      "setIdx": 0,
      "setId": 4,
      "iconIdx": 3
    },
    {
      "icon": {
        "paths": [
          "M369.732 74.752l-12.288 70.656q52.224 9.216 105.472 30.72l-10.24 63.488q-49.152-24.576-105.472-36.864l-38.912 250.88q97.28 34.816 139.776 78.848t42.496 114.688q0 88.064-59.904 140.288t-164.352 52.224h-18.432l-18.432 121.856-49.152-11.264 18.432-114.688q-69.632-10.24-140.288-41.984l9.216-63.488q72.704 37.888 141.312 48.128l43.008-279.552q-94.208-32.768-136.704-72.704t-42.496-110.592q0-81.92 57.344-129.024t152.576-47.104q16.384 0 24.576 1.024l12.288-77.824zM428.1 652.288q0-48.128-27.136-79.36t-101.888-58.88l-41.984 269.312h15.36q74.752 0 115.2-35.84t40.448-95.232zM135.236 310.272q0 48.128 28.16 74.752t97.792 52.224l37.888-241.664q-8.192-1.024-23.552-1.024-67.584 0-103.936 31.744t-36.352 83.968z"
        ],
        "width": 549,
        "isMulticolor": false,
        "isMulticolor2": false,
        "tags": [
          "dollar"
        ],
        "defaultCode": 36,
        "grid": 0
      },
      "properties": {
        "id": 5,
        "order": 96,
        "ligatures": "",
        "prevSize": 32,
        "code": 36,
        "name": "dollar"
      },
      "setIdx": 0,
      "setId": 4,
      "iconIdx": 4
    },
    {
      "icon": {
        "paths": [
          "M374.724 352.256q0 89.088-44.544 141.824t-113.152 52.736-113.664-52.736-45.056-141.824q0-88.064 45.056-141.312t113.664-53.248 113.152 53.248 44.544 141.312zM254.916 865.28l-52.224-13.312 222.208-346.112 219.136-347.136 53.248 13.312-222.208 346.112zM842.692 671.744q0 88.064-45.056 141.312t-113.664 53.248-113.152-53.248-44.544-141.312 44.544-141.312 113.152-53.248 113.664 53.248 45.056 141.312zM314.308 352.256q0-62.464-26.112-103.424t-72.192-40.96-71.68 40.448-25.6 103.936 26.624 104.448 72.704 40.96 71.168-40.448 25.088-104.96zM781.252 671.744q0-63.488-25.6-104.448t-71.68-40.96q-47.104 0-72.192 40.448t-25.088 104.96q0 62.464 26.112 103.424t72.192 40.96 71.168-40.448 25.088-103.936z"
        ],
        "width": 901,
        "isMulticolor": false,
        "isMulticolor2": false,
        "tags": [
          "percent"
        ],
        "defaultCode": 37,
        "grid": 0
      },
      "properties": {
        "id": 6,
        "order": 97,
        "ligatures": "",
        "prevSize": 32,
        "code": 37,
        "name": "percent"
      },
      "setIdx": 0,
      "setId": 4,
      "iconIdx": 5
    },
    {
      "icon": {
        "paths": [
          "M670.524 854.016l-72.704 17.408-112.64-112.64q-91.136 117.76-232.448 117.76-103.424 0-163.84-52.224t-60.416-138.24q0-137.216 168.96-215.040-38.912-40.96-56.832-76.8t-17.92-82.944q0-70.656 50.176-117.248t134.144-46.592q89.088 0 166.912 44.032l-13.312 70.656q-83.968-53.248-155.648-53.248-52.224 0-81.92 27.648t-29.696 71.68q0 36.864 16.896 67.584t57.856 72.704l206.848 208.896q39.936-79.872 58.368-203.776l64.512 13.312q-24.576 141.312-76.8 236.544zM253.756 816.128q114.688 0 187.392-101.376l-202.752-201.728q-138.24 58.368-138.24 166.912 0 59.392 43.008 97.792t110.592 38.4z"
        ],
        "width": 699,
        "isMulticolor": false,
        "isMulticolor2": false,
        "tags": [
          "ampersand"
        ],
        "defaultCode": 38,
        "grid": 0
      },
      "properties": {
        "id": 7,
        "order": 98,
        "ligatures": "",
        "prevSize": 32,
        "code": 38,
        "name": "ampersand"
      },
      "setIdx": 0,
      "setId": 4,
      "iconIdx": 6
    },
    {
      "icon": {
        "paths": [
          "M152.448 412.16l-21.504 199.68-38.912-8.192-20.48-191.488h80.896z"
        ],
        "width": 224,
        "isMulticolor": false,
        "isMulticolor2": false,
        "tags": [
          "quotesingle"
        ],
        "defaultCode": 39,
        "grid": 0
      },
      "properties": {
        "id": 8,
        "order": 99,
        "ligatures": "",
        "prevSize": 32,
        "code": 39,
        "name": "quotesingle"
      },
      "setIdx": 0,
      "setId": 4,
      "iconIdx": 7
    },
    {
      "icon": {
        "paths": [
          "M343.348 919.040l-67.584 14.336q-106.496-94.208-162.304-194.048t-55.808-222.72q0-260.096 259.072-425.984l11.264 63.488q-101.376 71.68-150.016 159.744t-48.64 204.8q0 209.92 214.016 400.384z"
        ],
        "width": 401,
        "isMulticolor": false,
        "isMulticolor2": false,
        "tags": [
          "parenleft"
        ],
        "defaultCode": 40,
        "grid": 0
      },
      "properties": {
        "id": 9,
        "order": 100,
        "ligatures": "",
        "prevSize": 32,
        "code": 40,
        "name": "parenleft"
      },
      "setIdx": 0,
      "setId": 4,
      "iconIdx": 8
    },
    {
      "icon": {
        "paths": [
          "M57.652 104.96l67.584-14.336q106.496 94.208 162.304 194.048t55.808 222.72q0 261.12-259.072 425.984l-11.264-63.488q102.4-71.68 151.040-159.232t48.64-205.312q0-210.944-215.040-400.384z"
        ],
        "width": 401,
        "isMulticolor": false,
        "isMulticolor2": false,
        "tags": [
          "parenright"
        ],
        "defaultCode": 41,
        "grid": 0
      },
      "properties": {
        "id": 10,
        "order": 101,
        "ligatures": "",
        "prevSize": 32,
        "code": 41,
        "name": "parenright"
      },
      "setIdx": 0,
      "setId": 4,
      "iconIdx": 9
    },
    {
      "icon": {
        "paths": [
          "M365.696 483.84l-118.784 52.224 65.536 114.688-17.408 12.288-87.040-99.328-87.040 99.328-18.432-12.288 65.536-114.688-117.76-52.224 6.144-20.48 126.976 26.624 12.288-129.024h23.552l12.288 129.024 126.976-26.624z"
        ],
        "width": 416,
        "isMulticolor": false,
        "isMulticolor2": false,
        "tags": [
          "asterisk"
        ],
        "defaultCode": 42,
        "grid": 0
      },
      "properties": {
        "id": 11,
        "order": 102,
        "ligatures": "",
        "prevSize": 32,
        "code": 42,
        "name": "asterisk"
      },
      "setIdx": 0,
      "setId": 4,
      "iconIdx": 10
    },
    {
      "icon": {
        "paths": [
          "M524.96 539.648h-202.752v206.848h-59.392v-206.848h-203.776v-55.296h203.776v-206.848h59.392v206.848h202.752v55.296z"
        ],
        "width": 584,
        "isMulticolor": false,
        "isMulticolor2": false,
        "tags": [
          "plus"
        ],
        "defaultCode": 43,
        "grid": 0
      },
      "properties": {
        "id": 12,
        "order": 103,
        "ligatures": "",
        "prevSize": 32,
        "code": 43,
        "name": "plus"
      },
      "setIdx": 0,
      "setId": 4,
      "iconIdx": 11
    },
    {
      "icon": {
        "paths": [
          "M179.072 393.728l-98.304 236.544-35.84-9.216 52.224-227.328h81.92z"
        ],
        "width": 224,
        "isMulticolor": false,
        "isMulticolor2": false,
        "tags": [
          "comma"
        ],
        "defaultCode": 44,
        "grid": 0
      },
      "properties": {
        "id": 13,
        "order": 104,
        "ligatures": "",
        "prevSize": 32,
        "code": 44,
        "name": "comma"
      },
      "setIdx": 0,
      "setId": 4,
      "iconIdx": 12
    },
    {
      "icon": {
        "paths": [
          "M310.404 545.792h-247.808v-67.584h247.808v67.584z"
        ],
        "width": 373,
        "isMulticolor": false,
        "isMulticolor2": false,
        "tags": [
          "hyphen"
        ],
        "defaultCode": 45,
        "grid": 0
      },
      "properties": {
        "id": 14,
        "order": 105,
        "ligatures": "",
        "prevSize": 32,
        "code": 45,
        "name": "hyphen"
      },
      "setIdx": 0,
      "setId": 4,
      "iconIdx": 13
    },
    {
      "icon": {
        "paths": [
          "M151.424 562.176h-78.848v-100.352h78.848v100.352z"
        ],
        "width": 224,
        "isMulticolor": false,
        "isMulticolor2": false,
        "tags": [
          "period"
        ],
        "defaultCode": 46,
        "grid": 0
      },
      "properties": {
        "id": 15,
        "order": 106,
        "ligatures": "",
        "prevSize": 32,
        "code": 46,
        "name": "period"
      },
      "setIdx": 0,
      "setId": 4,
      "iconIdx": 14
    },
    {
      "icon": {
        "paths": [
          "M536.372 104.96l-483.328 827.392-60.416-12.288 483.328-828.416z"
        ],
        "width": 529,
        "isMulticolor": false,
        "isMulticolor2": false,
        "tags": [
          "slash"
        ],
        "defaultCode": 47,
        "grid": 0
      },
      "properties": {
        "id": 16,
        "order": 107,
        "ligatures": "",
        "prevSize": 32,
        "code": 47,
        "name": "slash"
      },
      "setIdx": 0,
      "setId": 4,
      "iconIdx": 15
    },
    {
      "icon": {
        "paths": [
          "M569.452 510.976q0 164.864-68.608 262.656t-185.344 97.792q-117.76 0-185.856-96.768t-68.096-261.632 68.608-262.656 185.344-97.792q117.76 0 185.856 96.768t68.096 261.632zM499.82 512q0-138.24-48.128-218.624t-136.192-80.384-136.192 80.384-48.128 218.624 48.128 218.624 136.192 80.384 136.192-80.384 48.128-218.624z"
        ],
        "width": 631,
        "isMulticolor": false,
        "isMulticolor2": false,
        "tags": [
          "zero"
        ],
        "defaultCode": 48,
        "grid": 0
      },
      "properties": {
        "id": 17,
        "order": 108,
        "ligatures": "",
        "prevSize": 32,
        "code": 48,
        "name": "zero"
      },
      "setIdx": 0,
      "setId": 4,
      "iconIdx": 16
    },
    {
      "icon": {
        "paths": [
          "M294.64 859.648h-67.584v-621.568l-148.48 59.392-9.216-55.296 169.984-77.824h55.296v695.296z"
        ],
        "width": 364,
        "isMulticolor": false,
        "isMulticolor2": false,
        "tags": [
          "one"
        ],
        "defaultCode": 49,
        "grid": 0
      },
      "properties": {
        "id": 18,
        "order": 109,
        "ligatures": "",
        "prevSize": 32,
        "code": 49,
        "name": "one"
      },
      "setIdx": 0,
      "setId": 4,
      "iconIdx": 17
    },
    {
      "icon": {
        "paths": [
          "M492.112 864.768h-436.224v-50.176l254.976-271.36q55.296-59.392 77.312-101.376t22.016-90.112q0-62.464-36.352-96.768t-100.864-34.304q-93.184 0-188.416 82.944l-10.24-67.584q91.136-76.8 202.752-76.8 95.232 0 149.504 51.2t54.272 137.216q0 62.464-27.136 113.664t-92.672 119.808l-212.992 223.232h334.848z"
        ],
        "width": 548,
        "isMulticolor": false,
        "isMulticolor2": false,
        "tags": [
          "two"
        ],
        "defaultCode": 50,
        "grid": 0
      },
      "properties": {
        "id": 19,
        "order": 92,
        "ligatures": "",
        "prevSize": 32,
        "code": 50,
        "name": "two"
      },
      "setIdx": 0,
      "setId": 4,
      "iconIdx": 18
    },
    {
      "icon": {
        "paths": [
          "M726.528 670.72q0 88.064-65.536 144.384t-169.984 56.32q-109.568 0-193.536-54.272l11.264-67.584q88.064 60.416 186.368 60.416 73.728 0 117.248-37.376t43.52-100.864q0-69.632-49.664-108.544t-151.040-38.912h-30.72l-9.216-61.44h47.104q88.064 0 134.144-35.328t46.080-96.768q0-52.224-35.84-84.48t-103.424-32.256q-98.304 0-185.344 66.56l-9.216-64.512q89.088-63.488 197.632-63.488 100.352 0 153.6 49.664t53.248 125.44q0 120.832-132.096 163.84 145.408 41.984 145.408 179.2z"
        ],
        "isMulticolor": false,
        "isMulticolor2": false,
        "tags": [
          "three"
        ],
        "defaultCode": 51,
        "grid": 0
      },
      "properties": {
        "id": 20,
        "order": 91,
        "ligatures": "",
        "prevSize": 32,
        "code": 51,
        "name": "three"
      },
      "setIdx": 0,
      "setId": 4,
      "iconIdx": 19
    },
    {
      "icon": {
        "paths": [
          "M569.228 695.808h-113.664v163.84h-63.488v-163.84h-354.304v-48.128l334.848-483.328h82.944v475.136h113.664v56.32zM392.076 639.488v-400.384l-279.552 400.384h279.552z"
        ],
        "width": 607,
        "isMulticolor": false,
        "isMulticolor2": false,
        "tags": [
          "four"
        ],
        "defaultCode": 52,
        "grid": 0
      },
      "properties": {
        "id": 21,
        "order": 90,
        "ligatures": "",
        "prevSize": 32,
        "code": 52,
        "name": "four"
      },
      "setIdx": 0,
      "setId": 4,
      "iconIdx": 20
    },
    {
      "icon": {
        "paths": [
          "M493.148 638.976q0 103.424-70.656 164.352t-176.128 60.928q-111.616 0-192.512-50.176l10.24-65.536q90.112 56.32 184.32 56.32 74.752 0 125.44-43.008t50.688-119.808q0-69.632-42.496-109.568t-120.32-39.936q-68.608 0-131.072 26.624l-46.080-11.264 24.576-348.16h348.16l10.24 60.416h-301.056l-16.384 232.448q59.392-20.48 117.76-20.48 103.424 0 164.352 56.32t60.928 150.528z"
        ],
        "width": 547,
        "isMulticolor": false,
        "isMulticolor2": false,
        "tags": [
          "five"
        ],
        "defaultCode": 53,
        "grid": 0
      },
      "properties": {
        "id": 22,
        "order": 89,
        "ligatures": "",
        "prevSize": 32,
        "code": 53,
        "name": "five"
      },
      "setIdx": 0,
      "setId": 4,
      "iconIdx": 21
    },
    {
      "icon": {
        "paths": [
          "M425.656 214.528q-264.192 72.704-297.984 289.792 90.112-62.464 187.392-62.464 96.256 0 153.6 55.808t57.344 151.040q0 99.328-64 161.28t-162.304 61.952q-107.52 0-175.616-79.36t-68.096-214.528q0-325.632 360.448-425.984zM303.8 501.248q-92.16 0-180.224 69.632v4.096q0 105.472 49.152 171.52t128 66.048q70.656 0 113.152-44.032t42.496-116.736q0-68.608-38.912-109.568t-113.664-40.96z"
        ],
        "width": 582,
        "isMulticolor": false,
        "isMulticolor2": false,
        "tags": [
          "six"
        ],
        "defaultCode": 54,
        "grid": 0
      },
      "properties": {
        "id": 23,
        "order": 88,
        "ligatures": "",
        "prevSize": 32,
        "code": 54,
        "name": "six"
      },
      "setIdx": 0,
      "setId": 4,
      "iconIdx": 22
    },
    {
      "icon": {
        "paths": [
          "M493.684 213.504l-286.72 648.192-65.536-15.36 275.456-622.592h-356.352l-9.216-61.44h442.368v51.2z"
        ],
        "width": 545,
        "isMulticolor": false,
        "isMulticolor2": false,
        "tags": [
          "seven"
        ],
        "defaultCode": 55,
        "grid": 0
      },
      "properties": {
        "id": 24,
        "order": 87,
        "ligatures": "",
        "prevSize": 32,
        "code": 55,
        "name": "seven"
      },
      "setIdx": 0,
      "setId": 4,
      "iconIdx": 23
    },
    {
      "icon": {
        "paths": [
          "M58.516 684.032q0-117.76 147.456-191.488-120.832-54.272-120.832-166.912 0-73.728 59.904-123.392t152.064-49.664q93.184 0 150.016 48.64t56.832 122.368q0 103.424-123.904 172.032 71.68 30.72 109.056 75.264t37.376 111.104q0 80.896-66.048 135.168t-167.424 54.272q-106.496 0-170.496-53.76t-64-133.632zM126.1 679.936q0 59.392 47.104 96.768t121.856 37.376q69.632 0 116.736-37.888t47.104-95.232-40.96-92.16-150.528-71.68q-65.536 26.624-103.424 69.12t-37.888 93.696zM152.724 324.608q0 51.2 36.352 83.456t130.56 64q116.736-57.344 116.736-145.408 0-51.2-38.912-84.48t-102.4-33.28q-65.536 0-103.936 34.304t-38.4 81.408z"
        ],
        "width": 585,
        "isMulticolor": false,
        "isMulticolor2": false,
        "tags": [
          "eight"
        ],
        "defaultCode": 56,
        "grid": 0
      },
      "properties": {
        "id": 25,
        "order": 86,
        "ligatures": "",
        "prevSize": 32,
        "code": 56,
        "name": "eight"
      },
      "setIdx": 0,
      "setId": 4,
      "iconIdx": 24
    },
    {
      "icon": {
        "paths": [
          "M145.592 809.472q266.24-59.392 306.176-278.528-88.064 60.416-184.32 60.416t-153.6-57.344-57.344-155.648 62.976-162.304 163.328-64q108.544 0 175.616 78.848t67.072 215.040q0 168.96-98.304 276.48t-271.36 149.504zM278.712 530.944q96.256 0 180.224-67.584v-14.336q0-106.496-49.152-172.032t-128-65.536q-71.68 0-114.176 45.056t-42.496 118.784q0 71.68 39.424 113.664t114.176 41.984z"
        ],
        "width": 582,
        "isMulticolor": false,
        "isMulticolor2": false,
        "tags": [
          "nine"
        ],
        "defaultCode": 57,
        "grid": 0
      },
      "properties": {
        "id": 26,
        "order": 85,
        "ligatures": "",
        "prevSize": 32,
        "code": 57,
        "name": "nine"
      },
      "setIdx": 0,
      "setId": 4,
      "iconIdx": 25
    },
    {
      "icon": {
        "paths": [
          "M155.936 370.176h-79.872v-100.352h79.872v100.352zM155.936 754.176h-79.872v-100.352h79.872v100.352z"
        ],
        "width": 232,
        "isMulticolor": false,
        "isMulticolor2": false,
        "tags": [
          "colon"
        ],
        "defaultCode": 58,
        "grid": 0
      },
      "properties": {
        "id": 27,
        "order": 84,
        "ligatures": "",
        "prevSize": 32,
        "code": 58,
        "name": "colon"
      },
      "setIdx": 0,
      "setId": 4,
      "iconIdx": 26
    },
    {
      "icon": {
        "paths": [
          "M181.536 302.080h-79.872v-100.352h79.872v100.352zM183.584 585.728l-98.304 236.544-36.864-9.216 53.248-227.328h81.92z"
        ],
        "width": 232,
        "isMulticolor": false,
        "isMulticolor2": false,
        "tags": [
          "semicolon"
        ],
        "defaultCode": 59,
        "grid": 0
      },
      "properties": {
        "id": 28,
        "order": 83,
        "ligatures": "",
        "prevSize": 32,
        "code": 59,
        "name": "semicolon"
      },
      "setIdx": 0,
      "setId": 4,
      "iconIdx": 27
    },
    {
      "icon": {
        "paths": [
          "M516.256 766.976l-448.512-228.352v-53.248l448.512-228.352v65.536l-378.88 188.416 378.88 189.44v66.56z"
        ],
        "width": 584,
        "isMulticolor": false,
        "isMulticolor2": false,
        "tags": [
          "less"
        ],
        "defaultCode": 60,
        "grid": 0
      },
      "properties": {
        "id": 29,
        "order": 82,
        "ligatures": "",
        "prevSize": 32,
        "code": 60,
        "name": "less"
      },
      "setIdx": 0,
      "setId": 4,
      "iconIdx": 28
    },
    {
      "icon": {
        "paths": [
          "M539.4 430.080h-460.8v-61.44h460.8v61.44zM539.4 655.36h-460.8v-61.44h460.8v61.44z"
        ],
        "width": 618,
        "isMulticolor": false,
        "isMulticolor2": false,
        "tags": [
          "equal"
        ],
        "defaultCode": 61,
        "grid": 0
      },
      "properties": {
        "id": 30,
        "order": 81,
        "ligatures": "",
        "prevSize": 32,
        "code": 61,
        "name": "equal"
      },
      "setIdx": 0,
      "setId": 4,
      "iconIdx": 29
    },
    {
      "icon": {
        "paths": [
          "M516.256 538.624l-448.512 228.352v-65.536l378.88-188.416-378.88-189.44v-66.56l448.512 228.352v53.248z"
        ],
        "width": 584,
        "isMulticolor": false,
        "isMulticolor2": false,
        "tags": [
          "greater"
        ],
        "defaultCode": 62,
        "grid": 0
      },
      "properties": {
        "id": 31,
        "order": 80,
        "ligatures": "",
        "prevSize": 32,
        "code": 62,
        "name": "greater"
      },
      "setIdx": 0,
      "setId": 4,
      "iconIdx": 30
    },
    {
      "icon": {
        "paths": [
          "M452.608 273.408q0 73.728-44.544 120.32t-142.848 96.768l-9.216 123.904-45.056 10.24-12.288-169.984 28.672-12.288q86.016-41.984 119.808-78.336t33.792-87.552q0-53.248-36.352-83.456t-96.768-30.208q-97.28 0-190.464 74.752l-9.216-68.608q92.16-69.632 202.752-69.632 89.088 0 145.408 47.104t56.32 126.976zM273.408 819.2h-79.872v-100.352h79.872v100.352z"
        ],
        "width": 510,
        "isMulticolor": false,
        "isMulticolor2": false,
        "tags": [
          "question"
        ],
        "defaultCode": 63,
        "grid": 0
      },
      "properties": {
        "id": 32,
        "order": 79,
        "ligatures": "",
        "prevSize": 32,
        "code": 63,
        "name": "question"
      },
      "setIdx": 0,
      "setId": 4,
      "iconIdx": 31
    },
    {
      "icon": {
        "paths": [
          "M620.964 712.192q-53.248 0-84.992-26.624t-35.84-73.728q-45.056 53.248-78.848 76.8t-70.656 23.552q-44.032 0-74.752-35.328t-30.72-96.768q0-118.784 69.12-197.12t160.256-78.336q59.392 0 125.952 28.672l-36.864 216.064q-5.12 35.84-5.12 54.272 0 32.768 17.408 51.712t53.248 18.944q58.368 0 98.304-61.952t39.936-170.496q0-138.24-78.336-214.528t-213.504-76.288q-159.744 0-269.824 118.272t-110.080 302.592q0 148.48 79.872 225.28t217.088 76.8q124.928 0 221.184-49.152l5.12 29.696q-98.304 49.152-230.4 49.152-154.624 0-242.176-86.528t-87.552-244.224q0-193.536 120.832-323.072t299.008-129.536q151.552 0 237.568 86.528t86.016 233.984q0 122.88-51.712 197.12t-129.536 74.24zM365.988 658.944q26.624 0 57.344-24.576t78.848-82.944l32.768-182.272q-32.768-13.312-66.56-13.312-63.488 0-112.64 60.928t-49.152 156.16q0 86.016 59.392 86.016z"
        ],
        "width": 861,
        "isMulticolor": false,
        "isMulticolor2": false,
        "tags": [
          "at"
        ],
        "defaultCode": 64,
        "grid": 0
      },
      "properties": {
        "id": 33,
        "order": 78,
        "ligatures": "",
        "prevSize": 32,
        "code": 64,
        "name": "at"
      },
      "setIdx": 0,
      "setId": 4,
      "iconIdx": 32
    },
    {
      "icon": {
        "paths": [
          "M40.144 863.744l278.528-710.656h72.704l276.48 702.464-69.632 15.36-90.112-235.52h-308.224l-87.040 228.352h-72.704zM353.488 235.008l-129.024 337.92h259.072z"
        ],
        "width": 708,
        "isMulticolor": false,
        "isMulticolor2": false,
        "tags": [
          "A"
        ],
        "defaultCode": 65,
        "grid": 0
      },
      "properties": {
        "id": 34,
        "order": 77,
        "prevSize": 32,
        "code": 65,
        "name": "A"
      },
      "setIdx": 0,
      "setId": 4,
      "iconIdx": 33
    },
    {
      "icon": {
        "paths": [
          "M486.848 661.504q0 99.328-67.072 151.552t-183.808 52.224h-162.816v-706.56h163.84q106.496 0 162.304 47.616t55.808 128.512q0 110.592-107.52 154.624 139.264 38.912 139.264 172.032zM385.472 337.92q0-56.32-37.888-87.040t-112.64-30.72h-92.16v245.76h90.112q72.704 0 112.64-35.328t39.936-92.672zM417.216 665.6q0-70.656-47.104-105.984t-132.096-35.328h-95.232v279.552h99.328q80.896 0 128-36.352t47.104-101.888z"
        ],
        "width": 560,
        "isMulticolor": false,
        "isMulticolor2": false,
        "tags": [
          "B"
        ],
        "defaultCode": 66,
        "grid": 0
      },
      "properties": {
        "id": 35,
        "order": 76,
        "prevSize": 32,
        "code": 66,
        "name": "B"
      },
      "setIdx": 0,
      "setId": 4,
      "iconIdx": 34
    },
    {
      "icon": {
        "paths": [
          "M594.276 807.936q-94.208 70.656-215.040 70.656-143.36 0-231.936-100.864t-88.576-264.704q0-162.816 90.112-265.216t235.52-102.4q111.616 0 198.656 60.416l-11.264 71.68q-92.16-68.608-188.416-68.608-115.712 0-183.808 82.944t-68.096 219.136q0 137.216 68.096 220.16t182.784 82.944q105.472 0 201.728-73.728z"
        ],
        "width": 653,
        "isMulticolor": false,
        "isMulticolor2": false,
        "tags": [
          "C"
        ],
        "defaultCode": 67,
        "grid": 0
      },
      "properties": {
        "id": 36,
        "order": 75,
        "ligatures": "",
        "prevSize": 32,
        "code": 67,
        "name": "C"
      },
      "setIdx": 0,
      "setId": 4,
      "iconIdx": 35
    },
    {
      "icon": {
        "paths": [
          "M639.064 510.976q0 162.816-100.352 258.56t-270.336 95.744h-189.44v-706.56h192.512q174.080 0 270.848 95.744t96.768 256.512zM566.36 512q0-140.288-79.36-215.040t-214.528-74.752h-122.88v579.584h122.88q137.216 0 215.552-73.728t78.336-216.064z"
        ],
        "width": 718,
        "isMulticolor": false,
        "isMulticolor2": false,
        "tags": [
          "D"
        ],
        "defaultCode": 68,
        "grid": 0
      },
      "properties": {
        "id": 37,
        "order": 57,
        "ligatures": "",
        "prevSize": 32,
        "code": 68,
        "name": "D"
      },
      "setIdx": 0,
      "setId": 4,
      "iconIdx": 36
    },
    {
      "icon": {
        "paths": [
          "M448.94 865.28h-378.88v-706.56h368.64v64.512h-297.984v240.64h235.52l10.24 63.488h-245.76v273.408h308.224v64.512z"
        ],
        "width": 519,
        "isMulticolor": false,
        "isMulticolor2": false,
        "tags": [
          "E"
        ],
        "defaultCode": 69,
        "grid": 0
      },
      "properties": {
        "id": 38,
        "order": 58,
        "prevSize": 32,
        "code": 69,
        "name": "E"
      },
      "setIdx": 0,
      "setId": 4,
      "iconIdx": 37
    },
    {
      "icon": {
        "paths": [
          "M421.152 223.232h-283.648v251.904h227.328l10.24 63.488h-237.568v326.656h-70.656v-706.56h354.304v64.512z"
        ],
        "width": 488,
        "isMulticolor": false,
        "isMulticolor2": false,
        "tags": [
          "F"
        ],
        "defaultCode": 70,
        "grid": 0
      },
      "properties": {
        "id": 39,
        "order": 59,
        "ligatures": "",
        "prevSize": 32,
        "code": 70,
        "name": "F"
      },
      "setIdx": 0,
      "setId": 4,
      "iconIdx": 38
    },
    {
      "icon": {
        "paths": [
          "M637.612 806.912q-109.568 71.68-232.448 71.68-154.624 0-243.2-100.352t-88.576-265.216q0-163.84 89.088-265.728t236.544-101.888q120.832 0 208.896 61.44l-12.288 72.704q-88.064-70.656-197.632-70.656-116.736 0-184.32 82.432t-67.584 220.672 68.608 220.672 191.488 82.432q88.064 0 161.792-45.056v-210.944h-169.984l-10.24-64.512h249.856v312.32z"
        ],
        "width": 711,
        "isMulticolor": false,
        "isMulticolor2": false,
        "tags": [
          "G"
        ],
        "defaultCode": 71,
        "grid": 0
      },
      "properties": {
        "id": 40,
        "order": 60,
        "ligatures": "",
        "prevSize": 32,
        "code": 71,
        "name": "G"
      },
      "setIdx": 0,
      "setId": 4,
      "iconIdx": 39
    },
    {
      "icon": {
        "paths": [
          "M627.752 865.28h-70.656v-337.92h-392.192v337.92h-70.656v-706.56h70.656v305.152h392.192v-305.152h70.656v706.56z"
        ],
        "width": 722,
        "isMulticolor": false,
        "isMulticolor2": false,
        "tags": [
          "H"
        ],
        "defaultCode": 72,
        "grid": 0
      },
      "properties": {
        "id": 41,
        "order": 61,
        "prevSize": 32,
        "code": 72,
        "name": "H"
      },
      "setIdx": 0,
      "setId": 4,
      "iconIdx": 40
    },
    {
      "icon": {
        "paths": [
          "M172.328 865.28h-70.656v-706.56h70.656v706.56z"
        ],
        "width": 274,
        "isMulticolor": false,
        "isMulticolor2": false,
        "tags": [
          "I"
        ],
        "defaultCode": 73,
        "grid": 0
      },
      "properties": {
        "id": 42,
        "order": 62,
        "prevSize": 32,
        "code": 73,
        "name": "I"
      },
      "setIdx": 0,
      "setId": 4,
      "iconIdx": 41
    },
    {
      "icon": {
        "paths": [
          "M313.988 690.176q0 88.064-49.152 133.12t-133.12 45.056q-27.648 0-62.464-6.144l-10.24-65.536q35.84 10.24 73.728 10.24 110.592 0 110.592-117.76v-533.504h70.656v534.528z"
        ],
        "width": 373,
        "isMulticolor": false,
        "isMulticolor2": false,
        "tags": [
          "J"
        ],
        "defaultCode": 74,
        "grid": 0
      },
      "properties": {
        "id": 43,
        "order": 63,
        "ligatures": "",
        "prevSize": 32,
        "code": 74,
        "name": "J"
      },
      "setIdx": 0,
      "setId": 4,
      "iconIdx": 42
    },
    {
      "icon": {
        "paths": [
          "M564.964 852.48l-79.872 16.384-358.4-371.712v364.544h-70.656v-706.56h70.656v321.536l327.68-321.536h91.136l-339.968 329.728z"
        ],
        "width": 621,
        "isMulticolor": false,
        "isMulticolor2": false,
        "tags": [
          "K"
        ],
        "defaultCode": 75,
        "grid": 0
      },
      "properties": {
        "id": 44,
        "order": 64,
        "prevSize": 32,
        "code": 75,
        "name": "K"
      },
      "setIdx": 0,
      "setId": 4,
      "iconIdx": 43
    },
    {
      "icon": {
        "paths": [
          "M415.14 865.28h-353.28v-706.56h70.656v641.024h272.384z"
        ],
        "width": 477,
        "isMulticolor": false,
        "isMulticolor2": false,
        "tags": [
          "L"
        ],
        "defaultCode": 76,
        "grid": 0
      },
      "properties": {
        "id": 45,
        "order": 65,
        "ligatures": "",
        "prevSize": 32,
        "code": 76,
        "name": "L"
      },
      "setIdx": 0,
      "setId": 4,
      "iconIdx": 44
    },
    {
      "icon": {
        "paths": [
          "M850.548 863.232h-68.608l-46.080-606.208-244.736 610.304h-56.32l-244.736-610.304-46.080 606.208h-65.536l56.32-706.56h87.040l242.688 616.448 243.712-616.448h86.016z"
        ],
        "width": 929,
        "isMulticolor": false,
        "isMulticolor2": false,
        "tags": [
          "M"
        ],
        "defaultCode": 77,
        "grid": 0
      },
      "properties": {
        "id": 46,
        "order": 66,
        "prevSize": 32,
        "code": 77,
        "name": "M"
      },
      "setIdx": 0,
      "setId": 4,
      "iconIdx": 45
    },
    {
      "icon": {
        "paths": [
          "M627.752 865.28h-54.272l-412.672-594.944v594.944h-66.56v-706.56h66.56l400.384 576.512v-576.512h66.56v706.56z"
        ],
        "width": 722,
        "isMulticolor": false,
        "isMulticolor2": false,
        "tags": [
          "N"
        ],
        "defaultCode": 78,
        "grid": 0
      },
      "properties": {
        "id": 47,
        "order": 67,
        "prevSize": 32,
        "code": 78,
        "name": "N"
      },
      "setIdx": 0,
      "setId": 4,
      "iconIdx": 46
    },
    {
      "icon": {
        "paths": [
          "M700.416 464.896q0 162.816-89.088 265.216t-231.424 102.4q-141.312 0-229.376-101.888t-88.064-263.68q0-162.816 89.088-265.216t230.4-102.4q142.336 0 230.4 101.376t88.064 264.192zM627.712 466.944q0-136.192-67.584-220.16t-179.2-83.968q-110.592 0-178.176 83.456t-67.584 218.624q0 136.192 67.584 220.16t179.2 83.968q110.592 0 178.176-83.456t67.584-218.624z"
        ],
        "width": 763,
        "isMulticolor": false,
        "isMulticolor2": false,
        "tags": [
          "O"
        ],
        "defaultCode": 79,
        "grid": 0
      },
      "properties": {
        "id": 48,
        "order": 68,
        "prevSize": 32,
        "code": 79,
        "name": "O"
      },
      "setIdx": 0,
      "setId": 4,
      "iconIdx": 47
    },
    {
      "icon": {
        "paths": [
          "M475.264 357.376q0 101.376-68.096 155.648t-179.712 54.272h-88.064v297.984h-70.656v-706.56h174.080q109.568 0 171.008 52.224t61.44 146.432zM403.584 359.424q0-138.24-164.864-138.24h-99.328v283.648h91.136q81.92 0 127.488-36.352t45.568-109.056z"
        ],
        "width": 544,
        "isMulticolor": false,
        "isMulticolor2": false,
        "tags": [
          "P"
        ],
        "defaultCode": 80,
        "grid": 0
      },
      "properties": {
        "id": 49,
        "order": 69,
        "prevSize": 32,
        "code": 80,
        "name": "P"
      },
      "setIdx": 0,
      "setId": 4,
      "iconIdx": 48
    },
    {
      "icon": {
        "paths": [
          "M701.476 443.392q0 139.264-66.048 233.984t-177.664 119.296l222.208 82.944-13.312 66.56-371.712-144.384q-231.424-90.112-231.424-356.352 0-162.816 89.088-265.216t230.4-102.4q142.336 0 230.4 101.376t88.064 264.192zM628.772 445.44q0-137.216-67.584-220.672t-179.2-83.456-178.688 82.944-67.072 220.16 68.096 221.696 178.688 84.48q111.616 0 178.688-83.968t67.072-221.184z"
        ],
        "width": 765,
        "isMulticolor": false,
        "isMulticolor2": false,
        "tags": [
          "Q"
        ],
        "defaultCode": 81,
        "grid": 0
      },
      "properties": {
        "id": 50,
        "order": 70,
        "ligatures": "",
        "prevSize": 32,
        "code": 81,
        "name": "Q"
      },
      "setIdx": 0,
      "setId": 4,
      "iconIdx": 49
    },
    {
      "icon": {
        "paths": [
          "M521.924 853.504l-73.728 15.36-225.28-315.392h-93.184v308.224h-70.656v-706.56h179.2q105.472 0 166.4 51.712t60.928 142.848q0 78.848-45.568 128.512t-119.296 66.048zM393.924 353.792q0-64.512-40.96-100.352t-118.784-35.84h-104.448v275.456h92.16q79.872 0 125.952-36.352t46.080-102.912z"
        ],
        "width": 581,
        "isMulticolor": false,
        "isMulticolor2": false,
        "tags": [
          "R"
        ],
        "defaultCode": 82,
        "grid": 0
      },
      "properties": {
        "id": 51,
        "order": 71,
        "ligatures": "",
        "prevSize": 32,
        "code": 82,
        "name": "R"
      },
      "setIdx": 0,
      "setId": 4,
      "iconIdx": 50
    },
    {
      "icon": {
        "paths": [
          "M465.264 678.912q0 89.088-61.952 141.824t-157.184 52.736q-103.424 0-187.392-44.032l10.24-71.68q82.944 53.248 180.224 53.248 63.488 0 104.448-34.304t40.96-92.672q0-52.224-30.72-83.968t-111.616-67.584q-104.448-46.080-144.384-88.576t-39.936-115.2q0-78.848 57.344-128.512t145.408-49.664q92.16 0 155.648 36.864l-10.24 70.656q-67.584-45.056-148.48-45.056-60.416 0-94.72 31.744t-34.304 79.872q0 47.104 29.696 76.288t112.64 66.048q101.376 44.032 142.848 90.112t41.472 121.856z"
        ],
        "width": 524,
        "isMulticolor": false,
        "isMulticolor2": false,
        "tags": [
          "S"
        ],
        "defaultCode": 83,
        "grid": 0
      },
      "properties": {
        "id": 52,
        "order": 72,
        "ligatures": "",
        "prevSize": 32,
        "code": 83,
        "name": "S"
      },
      "setIdx": 0,
      "setId": 4,
      "iconIdx": 51
    },
    {
      "icon": {
        "paths": [
          "M561.204 223.232h-231.424v642.048h-70.656v-642.048h-227.328v-64.512h520.192z"
        ],
        "width": 593,
        "isMulticolor": false,
        "isMulticolor2": false,
        "tags": [
          "T"
        ],
        "defaultCode": 84,
        "grid": 0
      },
      "properties": {
        "id": 53,
        "order": 73,
        "prevSize": 32,
        "code": 84,
        "name": "T"
      },
      "setIdx": 0,
      "setId": 4,
      "iconIdx": 52
    },
    {
      "icon": {
        "paths": [
          "M614.228 590.336q0 129.024-71.68 204.8t-195.584 75.776q-122.88 0-193.536-75.264t-70.656-200.192v-442.368h70.656v433.152q0 101.376 49.664 161.28t144.896 59.904q94.208 0 144.896-57.856t50.688-159.232v-437.248h70.656v437.248z"
        ],
        "width": 697,
        "isMulticolor": false,
        "isMulticolor2": false,
        "tags": [
          "U"
        ],
        "defaultCode": 85,
        "grid": 0
      },
      "properties": {
        "id": 54,
        "order": 74,
        "ligatures": "",
        "prevSize": 32,
        "code": 85,
        "name": "U"
      },
      "setIdx": 0,
      "setId": 4,
      "iconIdx": 53
    },
    {
      "icon": {
        "paths": [
          "M656.224 160.256l-277.504 710.656h-64.512l-274.432-702.464 70.656-15.36 237.568 626.688 233.472-619.52h74.752z"
        ],
        "width": 696,
        "isMulticolor": false,
        "isMulticolor2": false,
        "tags": [
          "V"
        ],
        "defaultCode": 86,
        "grid": 0
      },
      "properties": {
        "id": 55,
        "order": 56,
        "ligatures": "",
        "prevSize": 32,
        "code": 86,
        "name": "V"
      },
      "setIdx": 0,
      "setId": 4,
      "iconIdx": 54
    },
    {
      "icon": {
        "paths": [
          "M1002.684 161.28l-212.992 708.608h-61.44l-204.8-611.328-203.776 611.328h-59.392l-211.968-700.416 69.632-15.36 176.128 605.184 194.56-598.016h72.704l196.608 598.016 173.056-598.016h71.68z"
        ],
        "width": 1051,
        "isMulticolor": false,
        "isMulticolor2": false,
        "tags": [
          "W"
        ],
        "defaultCode": 87,
        "grid": 0
      },
      "properties": {
        "id": 56,
        "order": 55,
        "ligatures": "",
        "prevSize": 32,
        "code": 87,
        "name": "W"
      },
      "setIdx": 0,
      "setId": 4,
      "iconIdx": 55
    },
    {
      "icon": {
        "paths": [
          "M611.72 855.552l-70.656 15.36-216.064-324.608-208.896 318.464h-77.824l247.808-367.616-223.232-329.728 70.656-14.336 192.512 291.84 187.392-286.72h77.824l-225.28 335.872z"
        ],
        "width": 650,
        "isMulticolor": false,
        "isMulticolor2": false,
        "tags": [
          "X"
        ],
        "defaultCode": 88,
        "grid": 0
      },
      "properties": {
        "id": 57,
        "order": 54,
        "prevSize": 32,
        "code": 88,
        "name": "X"
      },
      "setIdx": 0,
      "setId": 4,
      "iconIdx": 56
    },
    {
      "icon": {
        "paths": [
          "M608.732 162.304l-253.952 413.696v292.864h-70.656v-292.864l-249.856-406.528 72.704-14.336 214.016 357.376 207.872-350.208h79.872z"
        ],
        "width": 643,
        "isMulticolor": false,
        "isMulticolor2": false,
        "tags": [
          "Y"
        ],
        "defaultCode": 89,
        "grid": 0
      },
      "properties": {
        "id": 58,
        "order": 53,
        "prevSize": 32,
        "code": 89,
        "name": "Y"
      },
      "setIdx": 0,
      "setId": 4,
      "iconIdx": 57
    },
    {
      "icon": {
        "paths": [
          "M560.976 865.28h-509.952v-51.2l417.792-593.92h-388.096l-9.216-61.44h482.304v51.2l-416.768 593.92h414.72z"
        ],
        "width": 612,
        "isMulticolor": false,
        "isMulticolor2": false,
        "tags": [
          "Z"
        ],
        "defaultCode": 90,
        "grid": 0
      },
      "properties": {
        "id": 59,
        "order": 52,
        "prevSize": 32,
        "code": 90,
        "name": "Z"
      },
      "setIdx": 0,
      "setId": 4,
      "iconIdx": 58
    },
    {
      "icon": {
        "paths": [
          "M339.060 919.040h-261.12v-814.080h256v53.248h-191.488v707.584h188.416z"
        ],
        "width": 417,
        "isMulticolor": false,
        "isMulticolor2": false,
        "tags": [
          "bracketleft"
        ],
        "defaultCode": 91,
        "grid": 0
      },
      "properties": {
        "id": 60,
        "order": 51,
        "ligatures": "",
        "prevSize": 32,
        "code": 91,
        "name": "bracketleft"
      },
      "setIdx": 0,
      "setId": 4,
      "iconIdx": 59
    },
    {
      "icon": {
        "paths": [
          "M536.372 919.040l-60.416 13.312-483.328-828.416 60.416-12.288z"
        ],
        "width": 529,
        "isMulticolor": false,
        "isMulticolor2": false,
        "tags": [
          "backslash"
        ],
        "defaultCode": 92,
        "grid": 0
      },
      "properties": {
        "id": 61,
        "order": 50,
        "ligatures": "",
        "prevSize": 32,
        "code": 92,
        "name": "backslash"
      },
      "setIdx": 0,
      "setId": 4,
      "iconIdx": 60
    },
    {
      "icon": {
        "paths": [
          "M77.94 104.96h261.12v814.080h-256v-53.248h191.488v-707.584h-188.416z"
        ],
        "width": 417,
        "isMulticolor": false,
        "isMulticolor2": false,
        "tags": [
          "bracketright"
        ],
        "defaultCode": 93,
        "grid": 0
      },
      "properties": {
        "id": 62,
        "order": 49,
        "ligatures": "",
        "prevSize": 32,
        "code": 93,
        "name": "bracketright"
      },
      "setIdx": 0,
      "setId": 4,
      "iconIdx": 61
    },
    {
      "icon": {
        "paths": [
          "M370.716 586.24h-43.008l-94.208-84.992-94.208 84.992h-43.008l105.472-148.48h63.488z"
        ],
        "width": 467,
        "isMulticolor": false,
        "isMulticolor2": false,
        "tags": [
          "asciicircum"
        ],
        "defaultCode": 94,
        "grid": 0
      },
      "properties": {
        "id": 63,
        "order": 48,
        "prevSize": 32,
        "code": 94,
        "name": "asciicircum"
      },
      "setIdx": 0,
      "setId": 4,
      "iconIdx": 62
    },
    {
      "icon": {
        "paths": [
          "M476.068 539.648h-475.136v-55.296h475.136v55.296z"
        ],
        "width": 477,
        "isMulticolor": false,
        "isMulticolor2": false,
        "tags": [
          "underscore"
        ],
        "defaultCode": 95,
        "grid": 0
      },
      "properties": {
        "id": 64,
        "order": 47,
        "ligatures": "",
        "prevSize": 32,
        "code": 95,
        "name": "underscore"
      },
      "setIdx": 0,
      "setId": 4,
      "iconIdx": 63
    },
    {
      "icon": {
        "paths": [
          "M326.172 590.336h-46.080l-139.264-137.216 88.064-19.456z"
        ],
        "width": 467,
        "isMulticolor": false,
        "isMulticolor2": false,
        "tags": [
          "grave"
        ],
        "defaultCode": 96,
        "grid": 0
      },
      "properties": {
        "id": 65,
        "order": 46,
        "ligatures": "",
        "prevSize": 32,
        "code": 96,
        "name": "grave"
      },
      "setIdx": 0,
      "setId": 4,
      "iconIdx": 64
    },
    {
      "icon": {
        "paths": [
          "M439.428 754.176h-51.2l-11.264-64.512q-79.872 74.752-171.008 74.752-64.512 0-104.448-34.816t-39.936-97.28q0-84.992 73.216-128.512t238.080-59.904v-31.744q0-93.184-100.352-93.184-77.824 0-166.912 43.008l-9.216-60.416q96.256-41.984 180.224-41.984 162.816 0 162.816 149.504v345.088zM372.868 634.368v-137.216q-92.16 9.216-147.456 28.16t-75.776 43.52-20.48 59.392q0 37.888 23.552 58.368t63.488 20.48q78.848 0 156.672-72.704z"
        ],
        "width": 501,
        "isMulticolor": false,
        "isMulticolor2": false,
        "tags": [
          "a"
        ],
        "defaultCode": 97,
        "grid": 0
      },
      "properties": {
        "id": 66,
        "order": 45,
        "ligatures": "",
        "prevSize": 32,
        "code": 97,
        "name": "a"
      },
      "setIdx": 0,
      "setId": 4,
      "iconIdx": 65
    },
    {
      "icon": {
        "paths": [
          "M476.324 620.544q0 128-65.024 195.072t-170.496 67.072q-82.944 0-176.128-31.744v-697.344l67.584-12.288v314.368q67.584-73.728 149.504-73.728 83.968 0 139.264 61.44t55.296 177.152zM407.716 623.616q0-86.016-36.864-133.632t-96.256-47.616q-70.656 0-142.336 83.968v278.528q48.128 19.456 111.616 19.456 75.776 0 119.808-50.176t44.032-150.528z"
        ],
        "width": 541,
        "isMulticolor": false,
        "isMulticolor2": false,
        "tags": [
          "b"
        ],
        "defaultCode": 98,
        "grid": 0
      },
      "properties": {
        "id": 67,
        "order": 44,
        "ligatures": "",
        "prevSize": 32,
        "code": 98,
        "name": "b"
      },
      "setIdx": 0,
      "setId": 4,
      "iconIdx": 66
    },
    {
      "icon": {
        "paths": [
          "M429.488 710.144q-70.656 54.272-163.84 54.272-95.232 0-157.184-67.584t-61.952-184.32q0-118.784 62.976-185.856t160.256-67.072q88.064 0 155.648 49.152l-11.264 67.584q-69.632-58.368-146.432-58.368-67.584 0-110.080 51.2t-42.496 142.336q0 90.112 43.52 141.824t113.152 51.712q80.896 0 148.48-57.344z"
        ],
        "width": 476,
        "isMulticolor": false,
        "isMulticolor2": false,
        "tags": [
          "c"
        ],
        "defaultCode": 99,
        "grid": 0
      },
      "properties": {
        "id": 68,
        "order": 43,
        "ligatures": "",
        "prevSize": 32,
        "code": 99,
        "name": "c"
      },
      "setIdx": 0,
      "setId": 4,
      "iconIdx": 67
    },
    {
      "icon": {
        "paths": [
          "M479.36 874.496h-51.2l-12.288-70.656q-67.584 80.896-155.648 80.896-84.992 0-140.288-60.928t-55.296-177.664q0-126.976 63.488-195.072t157.696-68.096q71.68 0 125.952 24.576v-256l67.584-12.288v735.232zM411.776 737.28v-267.264q-56.32-28.672-123.904-28.672-68.608 0-111.616 51.712t-43.008 150.016q0 86.016 36.864 133.632t96.256 47.616q73.728 0 145.408-87.040z"
        ],
        "width": 544,
        "isMulticolor": false,
        "isMulticolor2": false,
        "tags": [
          "d"
        ],
        "defaultCode": 100,
        "grid": 0
      },
      "properties": {
        "id": 69,
        "order": 42,
        "ligatures": "",
        "prevSize": 32,
        "code": 100,
        "name": "d"
      },
      "setIdx": 0,
      "setId": 4,
      "iconIdx": 68
    },
    {
      "icon": {
        "paths": [
          "M452.716 695.808q-80.896 68.608-185.344 68.608-98.304 0-158.208-65.536t-59.904-187.392q0-114.688 58.368-183.296t149.504-68.608q94.208 0 145.408 68.608t51.2 174.080v14.336h-336.896q2.048 90.112 41.984 139.776t112.64 49.664q87.040 0 171.008-71.68zM256.108 313.856q-54.272 0-90.624 38.912t-46.592 110.592h265.216q-5.12-67.584-37.888-108.544t-90.112-40.96z"
        ],
        "width": 503,
        "isMulticolor": false,
        "isMulticolor2": false,
        "tags": [
          "e"
        ],
        "defaultCode": 101,
        "grid": 0
      },
      "properties": {
        "id": 70,
        "order": 41,
        "ligatures": "",
        "prevSize": 32,
        "code": 101,
        "name": "e"
      },
      "setIdx": 0,
      "setId": 4,
      "iconIdx": 69
    },
    {
      "icon": {
        "paths": [
          "M279.988 210.944q-18.432-4.096-40.96-4.096-73.728 0-73.728 74.752v111.616h99.328l9.216 57.344h-108.544v427.008h-66.56v-427.008h-73.728v-57.344h73.728v-116.736q0-65.536 35.84-97.792t100.352-32.256q14.336 0 34.816 2.048z"
        ],
        "width": 305,
        "isMulticolor": false,
        "isMulticolor2": false,
        "tags": [
          "f"
        ],
        "defaultCode": 102,
        "grid": 0
      },
      "properties": {
        "id": 71,
        "order": 40,
        "ligatures": "",
        "prevSize": 32,
        "code": 102,
        "name": "f"
      },
      "setIdx": 0,
      "setId": 4,
      "iconIdx": 70
    },
    {
      "icon": {
        "paths": [
          "M474.6 706.048q0 67.584-66.048 106.496t-164.352 38.912-159.744-32.768-61.44-93.184q0-71.68 110.592-128-35.84-22.528-35.84-51.2 0-34.816 48.128-64.512-40.96-20.48-65.024-57.856t-24.064-86.528q0-73.728 52.736-119.296t126.464-45.568q72.704 0 122.88 40.96l120.832-38.912 11.264 66.56-97.28 10.24q25.6 37.888 25.6 86.016 0 74.752-53.248 119.808t-128 45.056q-23.552 0-43.008-4.096-30.72 17.408-30.72 34.816 0 14.336 20.48 22.528t88.064 20.48l35.84 7.168q84.992 15.36 125.44 43.52t40.448 79.36zM246.248 631.296q-9.216-2.048-21.504-4.096t-20.992-4.096l-16.896-4.096q-97.28 45.056-97.28 102.4 0 36.864 43.008 57.856t115.712 20.992 117.248-24.576 44.544-61.44q0-28.672-26.112-45.568t-90.624-29.184zM352.744 337.408q0-49.152-32.768-81.92t-83.968-32.768-81.92 32.768-30.72 83.968q0 48.128 31.232 80.384t83.456 32.256 83.456-32.256 31.232-82.432z"
        ],
        "width": 514,
        "isMulticolor": false,
        "isMulticolor2": false,
        "tags": [
          "g"
        ],
        "defaultCode": 103,
        "grid": 0
      },
      "properties": {
        "id": 72,
        "order": 39,
        "ligatures": "",
        "prevSize": 32,
        "code": 103,
        "name": "g"
      },
      "setIdx": 0,
      "setId": 4,
      "iconIdx": 71
    },
    {
      "icon": {
        "paths": [
          "M702.976 879.616h-67.584v-333.824q0-100.352-90.112-100.352-70.656 0-156.672 83.968v350.208h-67.584v-722.944l67.584-12.288v319.488q90.112-78.848 169.984-78.848 70.656 0 107.52 38.4t36.864 109.056v347.136z"
        ],
        "isMulticolor": false,
        "isMulticolor2": false,
        "tags": [
          "h"
        ],
        "defaultCode": 104,
        "grid": 0
      },
      "properties": {
        "id": 73,
        "order": 21,
        "ligatures": "",
        "prevSize": 32,
        "code": 104,
        "name": "h"
      },
      "setIdx": 0,
      "setId": 4,
      "iconIdx": 72
    },
    {
      "icon": {
        "paths": [
          "M168.64 211.968q0 20.48-14.336 34.816t-33.792 14.336-34.304-14.336-14.848-34.816 14.848-34.816 34.304-14.336 33.792 14.336 14.336 34.816zM153.28 861.184h-66.56v-484.352h66.56v484.352z"
        ],
        "width": 240,
        "isMulticolor": false,
        "isMulticolor2": false,
        "tags": [
          "i"
        ],
        "defaultCode": 105,
        "grid": 0
      },
      "properties": {
        "id": 74,
        "order": 22,
        "prevSize": 32,
        "code": 105,
        "name": "i"
      },
      "setIdx": 0,
      "setId": 4,
      "iconIdx": 73
    },
    {
      "icon": {
        "paths": [
          "M207.040 119.808q0 20.48-14.336 34.816t-33.792 14.336-34.304-14.336-14.848-34.816 14.848-34.816 34.304-14.336 33.792 14.336 14.336 34.816zM191.68 843.776q0 55.296-29.696 82.432t-79.872 27.136q-26.624 0-38.912-3.072l-10.24-60.416q16.384 4.096 39.936 4.096 52.224 0 52.224-57.344v-551.936h66.56v559.104z"
        ],
        "width": 240,
        "isMulticolor": false,
        "isMulticolor2": false,
        "tags": [
          "j"
        ],
        "defaultCode": 106,
        "grid": 0
      },
      "properties": {
        "id": 75,
        "order": 23,
        "ligatures": "",
        "prevSize": 32,
        "code": 106,
        "name": "j"
      },
      "setIdx": 0,
      "setId": 4,
      "iconIdx": 74
    },
    {
      "icon": {
        "paths": [
          "M429.476 869.888l-73.728 13.312-240.64-264.192v257.024h-67.584v-722.944l67.584-12.288v458.752l210.944-207.872h87.040l-226.304 216.064z"
        ],
        "width": 477,
        "isMulticolor": false,
        "isMulticolor2": false,
        "tags": [
          "k"
        ],
        "defaultCode": 107,
        "grid": 0
      },
      "properties": {
        "id": 76,
        "order": 24,
        "ligatures": "",
        "prevSize": 32,
        "code": 107,
        "name": "k"
      },
      "setIdx": 0,
      "setId": 4,
      "iconIdx": 75
    },
    {
      "icon": {
        "paths": [
          "M153.28 879.616h-66.56v-722.944l66.56-12.288v735.232z"
        ],
        "width": 240,
        "isMulticolor": false,
        "isMulticolor2": false,
        "tags": [
          "l"
        ],
        "defaultCode": 108,
        "grid": 0
      },
      "properties": {
        "id": 77,
        "order": 25,
        "ligatures": "",
        "prevSize": 32,
        "code": 108,
        "name": "l"
      },
      "setIdx": 0,
      "setId": 4,
      "iconIdx": 76
    },
    {
      "icon": {
        "paths": [
          "M762.028 759.296h-67.584v-333.824q0-100.352-88.064-100.352-68.608 0-153.6 82.944v351.232h-66.56v-333.824q0-100.352-88.064-100.352-69.632 0-153.6 81.92v352.256h-67.584v-484.352h52.224l11.264 69.632q90.112-79.872 171.008-79.872 105.472 0 133.12 83.968 93.184-83.968 176.128-83.968 70.656 0 105.984 38.4t35.328 109.056v347.136z"
        ],
        "width": 839,
        "isMulticolor": false,
        "isMulticolor2": false,
        "tags": [
          "m"
        ],
        "defaultCode": 109,
        "grid": 0
      },
      "properties": {
        "id": 78,
        "order": 26,
        "ligatures": "",
        "prevSize": 32,
        "code": 109,
        "name": "m"
      },
      "setIdx": 0,
      "setId": 4,
      "iconIdx": 77
    },
    {
      "icon": {
        "paths": [
          "M702.976 759.296h-67.584v-333.824q0-100.352-90.112-100.352-70.656 0-156.672 83.968v350.208h-67.584v-484.352h52.224l11.264 71.68q92.16-81.92 174.080-81.92 70.656 0 107.52 38.912t36.864 109.568v346.112z"
        ],
        "isMulticolor": false,
        "isMulticolor2": false,
        "tags": [
          "n"
        ],
        "defaultCode": 110,
        "grid": 0
      },
      "properties": {
        "id": 79,
        "order": 27,
        "ligatures": "",
        "prevSize": 32,
        "code": 110,
        "name": "n"
      },
      "setIdx": 0,
      "setId": 4,
      "iconIdx": 78
    },
    {
      "icon": {
        "paths": [
          "M730.624 512.512q0 116.736-61.952 184.32t-158.208 67.584q-95.232 0-156.16-67.584t-60.928-184.32q0-117.76 61.44-185.344t155.648-67.584q97.28 0 158.72 67.584t61.44 185.344zM660.992 512.512q0-89.088-40.96-142.336t-109.568-53.248q-67.584 0-108.032 52.224t-40.448 143.36q0 88.064 40.96 141.312t107.52 53.248q68.608 0 109.568-52.224t40.96-142.336z"
        ],
        "isMulticolor": false,
        "isMulticolor2": false,
        "tags": [
          "o"
        ],
        "defaultCode": 111,
        "grid": 0
      },
      "properties": {
        "id": 80,
        "order": 28,
        "prevSize": 32,
        "code": 111,
        "name": "o"
      },
      "setIdx": 0,
      "setId": 4,
      "iconIdx": 79
    },
    {
      "icon": {
        "paths": [
          "M479.36 409.6q0 125.952-63.488 194.048t-157.696 68.096q-68.608 0-125.952-23.552v193.536l-67.584 11.264v-671.744h52.224l11.264 69.632q70.656-79.872 156.672-79.872 83.968 0 139.264 61.44t55.296 177.152zM410.752 412.672q0-86.016-36.864-133.632t-96.256-47.616q-73.728 0-145.408 87.040v267.264q59.392 28.672 123.904 28.672 68.608 0 111.616-52.224t43.008-149.504z"
        ],
        "width": 544,
        "isMulticolor": false,
        "isMulticolor2": false,
        "tags": [
          "p"
        ],
        "defaultCode": 112,
        "grid": 0
      },
      "properties": {
        "id": 81,
        "order": 29,
        "ligatures": "",
        "prevSize": 32,
        "code": 112,
        "name": "p"
      },
      "setIdx": 0,
      "setId": 4,
      "iconIdx": 80
    },
    {
      "icon": {
        "paths": [
          "M476.324 840.192l-67.584 11.264v-250.88q-67.584 73.728-149.504 73.728-83.968 0-139.264-60.928t-55.296-177.664q0-128 65.024-195.584t170.496-67.584q76.8 0 176.128 31.744v635.904zM408.74 528.896v-277.504q-56.32-20.48-111.616-20.48-74.752 0-119.296 50.688t-44.544 151.040q0 86.016 36.864 133.632t96.256 47.616q71.68 0 142.336-84.992z"
        ],
        "width": 541,
        "isMulticolor": false,
        "isMulticolor2": false,
        "tags": [
          "q"
        ],
        "defaultCode": 113,
        "grid": 0
      },
      "properties": {
        "id": 82,
        "order": 30,
        "ligatures": "",
        "prevSize": 32,
        "code": 113,
        "name": "q"
      },
      "setIdx": 0,
      "setId": 4,
      "iconIdx": 81
    },
    {
      "icon": {
        "paths": [
          "M300.416 328.192q-57.344 4.096-106.496 39.936t-74.752 87.040v304.128h-67.584v-484.352h50.176l15.36 99.328q70.656-106.496 172.032-109.568z"
        ],
        "width": 352,
        "isMulticolor": false,
        "isMulticolor2": false,
        "tags": [
          "r"
        ],
        "defaultCode": 114,
        "grid": 0
      },
      "properties": {
        "id": 83,
        "order": 31,
        "ligatures": "",
        "prevSize": 32,
        "code": 114,
        "name": "r"
      },
      "setIdx": 0,
      "setId": 4,
      "iconIdx": 82
    },
    {
      "icon": {
        "paths": [
          "M401.652 623.616q0 65.536-48.128 102.912t-132.096 37.376q-95.232 0-174.080-44.032l11.264-65.536q81.92 52.224 168.96 52.224 51.2 0 80.384-20.48t29.184-57.344q0-35.84-26.112-55.808t-98.816-39.424q-82.944-21.504-118.272-52.736t-35.328-89.6q0-57.344 45.056-94.208t119.808-36.864q77.824 0 150.528 32.768l-11.264 64.512q-70.656-37.888-141.312-37.888-48.128 0-73.216 18.944t-25.088 49.664q0 29.696 23.552 47.616t84.992 34.304q90.112 24.576 130.048 57.856t39.936 95.744z"
        ],
        "width": 449,
        "isMulticolor": false,
        "isMulticolor2": false,
        "tags": [
          "s"
        ],
        "defaultCode": 115,
        "grid": 0
      },
      "properties": {
        "id": 84,
        "order": 32,
        "ligatures": "",
        "prevSize": 32,
        "code": 115,
        "name": "s"
      },
      "setIdx": 0,
      "setId": 4,
      "iconIdx": 83
    },
    {
      "icon": {
        "paths": [
          "M303.144 839.68q-28.672 8.192-67.584 8.192-125.952 0-125.952-118.784v-316.416h-74.752v-57.344h74.752v-167.936l66.56-11.264v179.2h111.616l9.216 57.344h-120.832v305.152q0 36.864 16.384 53.76t55.296 16.896q17.408 0 45.056-5.12z"
        ],
        "width": 338,
        "isMulticolor": false,
        "isMulticolor2": false,
        "tags": [
          "t"
        ],
        "defaultCode": 116,
        "grid": 0
      },
      "properties": {
        "id": 85,
        "order": 33,
        "ligatures": "",
        "prevSize": 32,
        "code": 116,
        "name": "t"
      },
      "setIdx": 0,
      "setId": 4,
      "iconIdx": 84
    },
    {
      "icon": {
        "paths": [
          "M702.976 749.056h-52.224l-11.264-71.68q-92.16 81.92-174.080 81.92-71.68 0-108.032-38.912t-36.352-109.568v-346.112h67.584v333.824q0 99.328 90.112 99.328 71.68 0 156.672-82.944v-350.208h67.584v484.352z"
        ],
        "isMulticolor": false,
        "isMulticolor2": false,
        "tags": [
          "u"
        ],
        "defaultCode": 117,
        "grid": 0
      },
      "properties": {
        "id": 86,
        "order": 34,
        "ligatures": "",
        "prevSize": 32,
        "code": 117,
        "name": "u"
      },
      "setIdx": 0,
      "setId": 4,
      "iconIdx": 85
    },
    {
      "icon": {
        "paths": [
          "M449.92 270.848l-179.2 488.448h-64.512l-176.128-482.304 68.608-12.288 141.312 411.648 139.264-405.504h70.656z"
        ],
        "width": 480,
        "isMulticolor": false,
        "isMulticolor2": false,
        "tags": [
          "v"
        ],
        "defaultCode": 118,
        "grid": 0
      },
      "properties": {
        "id": 87,
        "order": 35,
        "ligatures": "",
        "prevSize": 32,
        "code": 118,
        "name": "v"
      },
      "setIdx": 0,
      "setId": 4,
      "iconIdx": 86
    },
    {
      "icon": {
        "paths": [
          "M712.468 271.872l-160.768 488.448h-59.392l-120.832-397.312-119.808 397.312h-58.368l-160.768-484.352 65.536-12.288 124.928 406.528 120.832-400.384h58.368l121.856 400.384 119.808-398.336h68.608z"
        ],
        "width": 745,
        "isMulticolor": false,
        "isMulticolor2": false,
        "tags": [
          "w"
        ],
        "defaultCode": 119,
        "grid": 0
      },
      "properties": {
        "id": 88,
        "order": 36,
        "ligatures": "",
        "prevSize": 32,
        "code": 119,
        "name": "w"
      },
      "setIdx": 0,
      "setId": 4,
      "iconIdx": 87
    },
    {
      "icon": {
        "paths": [
          "M445.3 749.568l-67.584 12.288-138.24-208.896-131.072 201.728h-72.704l167.936-248.832-157.696-230.4 66.56-13.312 128 194.56 122.88-186.368h72.704l-159.744 233.472z"
        ],
        "width": 481,
        "isMulticolor": false,
        "isMulticolor2": false,
        "tags": [
          "x"
        ],
        "defaultCode": 120,
        "grid": 0
      },
      "properties": {
        "id": 89,
        "order": 37,
        "ligatures": "",
        "prevSize": 32,
        "code": 120,
        "name": "x"
      },
      "setIdx": 0,
      "setId": 4,
      "iconIdx": 88
    },
    {
      "icon": {
        "paths": [
          "M460.528 180.736l-205.824 547.84q-24.576 67.584-58.368 94.208t-87.040 26.624q-8.192 0-29.696-3.072l-10.24-60.416q22.528 4.096 38.912 4.096 31.744 0 51.712-16.384t34.304-55.296l20.48-50.176-183.296-481.28 66.56-12.288 149.504 411.648 142.336-405.504h70.656z"
        ],
        "width": 492,
        "isMulticolor": false,
        "isMulticolor2": false,
        "tags": [
          "y"
        ],
        "defaultCode": 121,
        "grid": 0
      },
      "properties": {
        "id": 90,
        "order": 38,
        "ligatures": "",
        "prevSize": 32,
        "code": 121,
        "name": "y"
      },
      "setIdx": 0,
      "setId": 4,
      "iconIdx": 89
    },
    {
      "icon": {
        "paths": [
          "M417.392 754.176h-374.784v-52.224l288.768-375.808h-264.192l-9.216-56.32h351.232v52.224l-288.768 375.808h287.744z"
        ],
        "width": 460,
        "isMulticolor": false,
        "isMulticolor2": false,
        "tags": [
          "z"
        ],
        "defaultCode": 122,
        "grid": 0
      },
      "properties": {
        "id": 91,
        "order": 20,
        "ligatures": "",
        "prevSize": 32,
        "code": 122,
        "name": "z"
      },
      "setIdx": 0,
      "setId": 4,
      "iconIdx": 90
    }
  ],
  "height": 1024,
  "metadata": {
    "name": "icomoon"
  },
  "preferences": {
    "showGlyphs": true,
    "showQuickUse": true,
    "showQuickUse2": true,
    "showSVGs": true,
    "fontPref": {
      "prefix": "icon-",
      "metadata": {
        "fontFamily": "icomoon"
      },
      "metrics": {
        "emSize": 1024,
        "baseline": 25,
        "whitespace": 22.6
      },
      "embed": false
    },
    "imagePref": {
      "prefix": "icon-",
      "png": false,
      "useClassSelector": true,
      "color": 0,
      "bgColor": 16777215,
      "classSelector": ".icon",
      "height": 32,
      "columns": 16,
      "margin": 16
    },
    "historySize": 100,
    "showCodes": true,
    "gridSize": 16,
    "showGrid": true
  }
}